LastName,FirstName,Groups
malachi,alexander,managers
nelle,alford,managers
meredith,arnold,managers
hasad,ashley,managers
wynne,ashley,managers
anjolie,baldwin,managers
yolanda,ball,managers
alika,barron,managers
nolan,barry,managers
althea,battle,managers
keefe,becker,managers
zenia,berg,managers
deirdre,bernard,managers
raphael,bird,managers
rachel,blackburn,managers
abbot,blackwell,managers
mark,blanchard,managers
nissim,blanchard,managers
emmanuel,blankenship,managers
robert,blevins,accounting
rhea,bolton,accounting
emmanuel,bond,accounting
madeline,bonner,accounting
amery,boyer,accounting
alexa,bradshaw,accounting
octavia,brady,accounting
kaitlin,branch,accounting
lois,bruce,accounting
joshua,buchanan,accounting
noah,buck,accounting
lucian,buck,accounting
asher,buckley,accounting
mercedes,buckner,accounting
noelle,burke,accounting
sawyer,burns,accounting
sheila,burt,accounting
orla,burton,accounting
dean,burton,accounting
fay,bush,accounting
colleen,butler,accounting
aidan,byrd,accounting
wesley,cain,accounting
evelyn,calderon,accounting
leroy,cameron,accounting
britanney,campos,accounting
oleg,cannon,accounting
brett,carr,accounting
september,carroll,accounting
maxine,carson,accounting
beverly,carson,auditors
justin,cash,auditors
oliver,castaneda,auditors
stephen,castro,auditors
dorothy,cervantes,auditors
darryl,cherry,auditors
baker,christian,auditors
isaac,christian,auditors
charity,clay,auditors
amal,clements,auditors
carl,cohen,auditors
jason,cole,auditors
roary,conley,auditors
summer,cooper,auditors
tiger,copeland,docadmin
shafira,cox,docadmin
maggy,craig,docadmin
dennis,craig,auditors
mason,cross,auditors
james,cummings,auditors
ashely,cunningham,docadmin
karly,curry,auditors
aubrey,dale,docadmin
william,dalton,auditors
hilel,dalton,docadmin
grace,davidson,auditors
pearl,davidson,auditors
zachary,dejesus,docadmin
ray,delacruz,auditors
rinah,deleon,auditors
xantha,dillard,docadmin
raja,dorsey,auditors
september,dotson,auditors
brynne,duffy,auditors
rama,duffy,docadmin
mark,duke,managers
barbara,duncan,managers
giacomo,dunlap,docadmin
kendall,ellison,managers
cameron,evans,managers
brody,evans,managers
anastasia,faulkner,managers
wyatt,fleming,docadmin
hop,fletcher,managers
claire,flores,managers
brielle,floyd,managers
quinn,flynn,managers
hoyt,flynn,managers
gray,foley,managers
amir,frazier,managers
ramona,frye,managers
raphael,gaines,managers
lucas,gallagher,auditors
fay,gallegos,docadmin
prescott,gay,auditors
craig,gilbert,auditors
molly,gill,auditors
andrew,gillespie,auditors
ignatius,gilliam,auditors
malcolm,gilliam,auditors
armand,glenn,auditors
eden,goff,docadmin
kevin,golden,auditors
cyrus,gomez,auditors
ifeoma,gomez,auditors
wesley,gonzales,employees
iris,gonzalez,employees
trevor,gonzalez,employees
cally,gordon,employees
coby,gould,docadmin
keith,grant,employees
rahim,grant,employees
armand,greene,employees
maite,griffin,employees
brianna,griffin,employees
nadine,griffin,employees
donovan,griffith,employees
hamish,gross,employees
maryam,guzman,docadmin
aladdin,hale,employees
riley,hansen,employees
margaret,hardy,employees
imelda,harmon,employees
quamar,harrington,employees
ralph,hawkins,employees
kaye,haynes,docadmin
joshua,henderson,employees
dean,hess,employees
tyrone,hewitt,employees
dean,hines,employees
jessamine,hodge,employees
raymond,hodges,employees
lucas,holder,employees
nash,hood,docadmin
hunter,hopkins,employees
barry,hopkins,employees
kelsie,horton,employees
rudyard,house,employees
noah,house,employees
reuben,houston,employees
lois,howell,employees
hilary,jimenez,employees
illiana,joyner,employees
brett,juarez,docadmin
armand,knowles,employees
jescie,knox,employees
phoebe,koch,contractors
adam,kramer,contractors
malik,larsen,contractors
wesley,lawrence,contractors
maxwell,leblanc,contractors
dale,lindsay,contractors
aiko,lindsey,contractors
adria,logan,contractors
knox,lopez,contractors
drew,lott,contractors
kaye,lott,contractors
patricia,lucas,contractors
tanisha,luna,contractors
moana,macdonald,contractors
james,macias,contractors
vivian,malone,contractors
liberty,mccarthy,contractors
brielle,mccarty,contractors
libby,mcclure,contractors
irma,mcclure,contractors
gabriel,mcdowell,docadmin
angelica,mcgee,docadmin
vivien,mcguire,contractors
drew,mcintyre,contractors
emi,mcmillan,contractors
lucius,mendez,contractors
mia,mercer,contractors
chelsea,monroe,employees
ahmed,montgomery,employees
iliana,moreno,employees
boris,morgan,employees
hanae,morton,employees
nathaniel,mullins,employees
geoffrey,murray,employees
jenna,myers,employees
vielka,nelson,employees
diana,nelson,employees
isabelle,newman,employees
helen,nichols,employees
gloria,nicholson,employees
caldwell,nielsen,employees
kyra,odom,employees
conan,odonnell,employees
kylee,orr,employees
clementine,owen,employees
dennis,pace,docadmin
charity,pacheco,employees
hayley,padilla,employees
quinn,park,employees
carolyn,parsons,employees
cruz,payne,employees
hu,pena,employees
karly,peterson,employees
camden,pickett,employees
devin,price,employees
nomlanga,randall,employees
gray,randolph,employees
olivia,rasmussen,employees
timothy,reed,employees
florence,reynolds,employees
sophia,rivera,employees
cassidy,rivers,employees
vladimir,rivers,employees
althea,rodgers,employees
hyatt,rosales,employees
camille,roth,employees
amber,roth,employees
francesca,rowe,employees
slade,rowland,docadmin
dean,roy,employees
flynn,ruiz,employees
shellie,ruiz,employees
lisandra,rutledge,employees
reuben,sanford,employees
gannon,santiago,employees
ebony,saunders,employees
eden,sawyer,employees
jacob,schneider,employees
emily,schroeder,employees
barry,schultz,employees
lydia,sears,employees
ashton,shields,employees
anastasia,silva,employees
jermaine,simmons,employees
shaine,simmons,employees
chloe,simon,employees
mary,singleton,employees
hyatt,singleton,employees
belle,small,employees
britanney,smith,employees
uriah,spencer,employees
deirdre,stark,docadmin
simon,stevenson,docadmin
hayes,stokes,docadmin
stone,stout,employees
mark,sutton,employees
lamar,sweeney,employees
cyrus,talley,employees
aspen,terrell,employees
kay,tillman,employees
alan,todd,employees
leigh,torres,employees
arthur,tran,employees
drew,trevino,employees
bruno,trujillo,employees
rigel,tyson,employees
alexander,valenzuela,employees
berk,vargas,employees
ulla,vaughan,employees
genevieve,vega,employees
quinlan,velasquez,employees
rigel,velez,employees
josephine,vinson,employees
comp,visitor,employees
caesar,wagner,employees
addison,wall,employees
bernard,waller,docadmin
daryl,ward,docadmin
micah,ware,it
macey,waters,it
martina,watkins,it
ignatius,watts,it
nissim,webb,it
dylan,wheeler,it
alika,whitley,it
risa,wiggins,it
tanisha,wiggins,it
colby,wilcox,it
maxwell,wilder,it
rae,wiley,it
bell,wiley,it
samantha,wilkins,it
angela,wilkinson,it
gemma,williams,it
doris,williamson,it
stephen,willis,it
joseph,wise,it
fleur,wolfe,it
mira,woodard,it
colt,wooten,it
brock,workman,it
alden,wright,docadmin
herman,wright,it
kasper,yates,it
stuart,york,it
